{"Training loss": 1.377464435994625, "Validation loss": 4.495396773020427, "_timestamp": 1693441784.417428, "_runtime": 69.58578991889954, "_step": 54, "Training OA accuracy": 0.6707406081259251, "Validation OA accuracy": 0.015625, "Training mAP": 0.39618247554636943, "Validation mAP": 0.023757580862533694, "loss_train": 1.377464435994625, "loss_val": 4.495396773020427, "oa_train": 0.6707406081259251, "oa_val": 0.015625, "mAP_train": 0.39618247554636943, "mAP_val": 0.023757580862533694, "learning_rate": 0.001, "_wandb": {"runtime": 73}}