{"Training loss": 0.16521411672944114, "Validation loss": 4.751403172810872, "_timestamp": 1693441672.0549805, "_runtime": 1410.8524506092072, "_step": 999, "Training OA accuracy": 0.9613095238095238, "Validation OA accuracy": 0.19010416666666666, "Training mAP": 0.7700330742141772, "Validation mAP": 0.15555027708277297, "loss_train": 0.16521411672944114, "loss_val": 4.751403172810872, "oa_train": 0.9613095238095238, "oa_val": 0.19010416666666666, "mAP_train": 0.7700330742141772, "mAP_val": 0.15555027708277297, "learning_rate": 0.001, "_wandb": {"runtime": 1410}}