{"Training loss": 0.13882685592398047, "Validation loss": 6.462446371714274, "_timestamp": 1693442047.4497721, "_runtime": 171.22774505615234, "_step": 124, "Training OA accuracy": 0.9672013111412525, "Validation OA accuracy": 0.09895833333333333, "Training mAP": 0.6927133524041472, "Validation mAP": 0.11587440273368449, "loss_train": 0.13882685592398047, "loss_val": 6.462446371714274, "oa_train": 0.9672013111412525, "oa_val": 0.09895833333333333, "mAP_train": 0.6927133524041472, "mAP_val": 0.11587440273368449, "learning_rate": 0.01, "_wandb": {"runtime": 173}}