{"Training loss": 3.0815501780737016, "Validation loss": 3.703032652537028, "_timestamp": 1693440091.7514298, "_runtime": 40.92471671104431, "_step": 3, "Training OA accuracy": 0.17772868062768662, "Validation OA accuracy": 0.010416666666666666, "Training mAP": 0.06328930900631567, "Validation mAP": 0.06078894645416922, "loss_train": 3.0815501780737016, "loss_val": 3.703032652537028, "oa_train": 0.17772868062768662, "oa_val": 0.010416666666666666, "mAP_train": 0.06328930900631567, "mAP_val": 0.06078894645416922, "_wandb": {"runtime": 40}}