{"Training loss": 3.0816333634512767, "Validation loss": 3.7017979621887207, "_timestamp": 1693440168.610897, "_runtime": 13.288088083267212, "_step": 3, "Training OA accuracy": 0.17735665681816282, "Validation OA accuracy": 0.0078125, "Training mAP": 0.06312189301103693, "Validation mAP": 0.06068128501838279, "loss_train": 3.0816333634512767, "loss_val": 3.7017979621887207, "oa_train": 0.17735665681816282, "oa_val": 0.0078125, "mAP_train": 0.06312189301103693, "mAP_val": 0.06068128501838279, "_wandb": {"runtime": 13}}