{"Training loss": 0.889760933816433, "Validation loss": 4.973616282145183, "_timestamp": 1693441859.25709, "_runtime": 49.52383017539978, "_step": 14, "Training OA accuracy": 0.7895606458187103, "Validation OA accuracy": 0.07291666666666667, "Training mAP": 0.48790274402113304, "Validation mAP": 0.0724107513088051, "loss_train": 0.889760933816433, "loss_val": 4.973616282145183, "oa_train": 0.7895606458187103, "oa_val": 0.07291666666666667, "mAP_train": 0.48790274402113304, "mAP_val": 0.0724107513088051, "learning_rate": 0.01, "_wandb": {"runtime": 51}}