{"Training loss": 0.22035626357509977, "Validation loss": 4.958788553873698, "_timestamp": 1693443537.5694866, "_runtime": 677.3458616733551, "_step": 124, "Training OA accuracy": 0.9454567545936221, "Validation OA accuracy": 0.15364583333333334, "Training mAP": 0.7397523434326895, "Validation mAP": 0.12396723499059993, "loss_train": 0.22035626357509977, "loss_val": 4.958788553873698, "oa_train": 0.9454567545936221, "oa_val": 0.15364583333333334, "mAP_train": 0.7397523434326895, "mAP_val": 0.12396723499059993, "learning_rate": 0.01, "_wandb": {"runtime": 692}}